{
  "selectionColor": "#00FFFF",
  "selectionMode": "partial",
  "enableByDefault": true,
  "allowExport": true,
  "includeRuntimeLayers": true,
  "geometryTypes": [
    "EXTENT"
  ],
  "layerState": {
    "SIDPUS_8332": {
      "selected": false
    },
    "SIDPUS_8332_0": {
      "selected": false
    },
    "SIDPUS_8332_1": {
      "selected": false
    },
    "SIDPUS_8332_2": {
      "selected": true
    },
    "SIDPUS_8332_3": {
      "selected": false
    },
    "SIDPUS_8332_7": {
      "selected": false
    },
    "SIDPUS_8332_12": {
      "selected": false
    },
    "SIDPUS_8332_15": {
      "selected": false
    },
    "SIDPUS_8332_17": {
      "selected": false
    },
    "LÍMITES_2677": {
      "selected": false
    },
    "SIDPUS_8332_13": {
      "selected": true
    },
    "SIDPUS_8332_14": {
      "selected": true
    },
    "SIDPUS_8332_16": {
      "selected": true
    },
    "SIDPUS_8332_8": {
      "selected": true
    },
    "SIDPUS_8332_9": {
      "selected": true
    },
    "SIDPUS_8332_10": {
      "selected": true
    },
    "SIDPUS_8332_11": {
      "selected": true
    },
    "SIDPUS_8332_4": {
      "selected": true
    },
    "SIDPUS_8332_5": {
      "selected": true
    },
    "SIDPUS_8332_6": {
      "selected": true
    },
    "SIDPUS_8332_18": {
      "selected": false
    },
    "SIDPUS_8332_20": {
      "selected": false
    },
    "SIDPUS_8332_26": {
      "selected": false
    },
    "SIDPUS_8332_28": {
      "selected": false
    },
    "SIDPUS_8332_19": {
      "selected": true
    },
    "SIDPUS_8332_21": {
      "selected": true
    },
    "SIDPUS_8332_22": {
      "selected": true
    },
    "SIDPUS_8332_23": {
      "selected": true
    },
    "SIDPUS_8332_24": {
      "selected": true
    },
    "SIDPUS_8332_25": {
      "selected": true
    },
    "SIDPUS_8332_27": {
      "selected": true
    },
    "SIDPUS_8332_29": {
      "selected": true
    },
    "SIDPUS_8332_30": {
      "selected": true
    },
    "SIDPUS_8332_31": {
      "selected": true
    }
  }
}
