{
  "allPlaceholder": "",
  "showInfoWindowOnSelect": true,
  "sources": [
    {
      "layerId": null,
      "url": "https://services5.arcgis.com/o1n9njeaSCZY0BR8/arcgis/rest/services/Mapa/FeatureServer/0",
      "name": "Región",
      "placeholder": "Región",
      "searchFields": [
        "depart"
      ],
      "displayField": "depart",
      "exactMatch": false,
      "searchInCurrentMapExtent": false,
      "panToScale": false,
      "zoomScale": null,
      "maxSuggestions": 6,
      "maxResults": 6,
      "type": "query"
    },
    {
      "layerId": null,
      "url": "https://services5.arcgis.com/o1n9njeaSCZY0BR8/arcgis/rest/services/Mapa/FeatureServer/0",
      "name": "Provincia",
      "placeholder": "Provincia",
      "searchFields": [
        "provin"
      ],
      "displayField": "provin",
      "exactMatch": false,
      "searchInCurrentMapExtent": false,
      "panToScale": false,
      "zoomScale": null,
      "maxSuggestions": 6,
      "maxResults": 6,
      "type": "query"
    },
    {
      "layerId": null,
      "url": "https://services5.arcgis.com/o1n9njeaSCZY0BR8/arcgis/rest/services/Mapa/FeatureServer/0",
      "name": "Distrito",
      "placeholder": "Distrito",
      "searchFields": [
        "distric"
      ],
      "displayField": "distric",
      "exactMatch": false,
      "searchInCurrentMapExtent": false,
      "panToScale": false,
      "zoomScale": null,
      "maxSuggestions": 6,
      "maxResults": 6,
      "type": "query"
    },
    {
      "url": "https://geocode.arcgis.com/arcgis/rest/services/World/GeocodeServer",
      "name": "Peru Referencial",
      "singleLineFieldName": "SingleLine",
      "placeholder": "Peru Referencial",
      "countryCode": "PER",
      "panToScale": false,
      "zoomScale": null,
      "maxSuggestions": 6,
      "maxResults": 6,
      "searchInCurrentMapExtent": false,
      "enableLocalSearch": true,
      "localSearchMinScale": 300000,
      "localSearchDistance": 50000,
      "radiusUnit": "meter",
      "type": "locator"
    }
  ]
}
