{
  "bookmarks2D": [
    {
      "displayName": "HUÁNUCO",
      "name": "HUÁNUCO",
      "extent": {
        "xmin": -8492637.787390798,
        "ymin": -1113742.144294825,
        "xmax": -8482318.788572315,
        "ymax": -1108009.3671734445,
        "spatialReference": {
          "wkid": 102100
        },
        "cache": {
          "_parts": [
            {
              "extent": {
                "xmin": -8492637.787390798,
                "ymin": -1113742.144294825,
                "xmax": -8482318.788572315,
                "ymax": -1108009.3671734445,
                "spatialReference": {
                  "wkid": 102100
                }
              },
              "frameIds": [
                0
              ]
            }
          ]
        }
      },
      "thumbnail": "/webappbuilder/apps/7/widgets/Bookmark/images/thumbnail_default.png",
      "isInWebmap": false,
      "isSaveLayers": false,
      "layerOptions": {
        "SIDPUS_8332": {
          "selected": true
        }
      },
      "_uID": 3
    },
    {
      "displayName": "AYACUCHO",
      "name": "AYACUCHO",
      "extent": {
        "xmin": -8267454.302062711,
        "ymin": -1479818.182009506,
        "xmax": -8257135.303244226,
        "ymax": -1474085.4048881256,
        "spatialReference": {
          "wkid": 102100
        },
        "cache": {
          "_parts": [
            {
              "extent": {
                "xmin": -8267454.302062711,
                "ymin": -1479818.182009506,
                "xmax": -8257135.303244226,
                "ymax": -1474085.4048881256,
                "spatialReference": {
                  "wkid": 102100
                }
              },
              "frameIds": [
                0
              ]
            }
          ]
        }
      },
      "thumbnail": "/webappbuilder/apps/7/widgets/Bookmark/images/thumbnail_default.png",
      "isInWebmap": false,
      "isSaveLayers": false,
      "layerOptions": {
        "SIDPUS_8332": {
          "selected": true
        }
      },
      "_uID": 4
    }
  ],
  "bookmarks3D": [],
  "layout": {
    "cards": true,
    "list": false,
    "defaultMode": "cards"
  },
  "editable": false,
  "syncMode": {
    "webmap": true,
    "custom": true
  },
  "isSaveLayerVisibility": false
}
